Workbook

Sheet Summary
A1: QA demo — saucedemo.com (public practice site)
A3: Area | B3: Total | C3: Not run | D3: Pass | E3: Fail | F3: Blocked | G3: N/A | H3: % Run
A4: Login | B4: =COUNTA(Login!A2:A200) -> 7 | C4: =COUNTIF(Login!I2:I200,"Not run") -> 3 | D4: =COUNTIF(Login!I2:I200,"Pass") -> 4 | E4: =COUNTIF(Login!I2:I200,"Fail") -> 0 | F4: =COUNTIF(Login!I2:I200,"Blocked") -> 0 | G4: =COUNTIF(Login!I2:I200,"N/A") -> 0 | H4: =IFERROR((B4-C4)/B4,0) -> 0.57142857
A5: Products | B5: =COUNTA(Products!A2:A200) -> 5 | C5: =COUNTIF(Products!I2:I200,"Not run") -> 2 | D5: =COUNTIF(Products!I2:I200,"Pass") -> 2 | E5: =COUNTIF(Products!I2:I200,"Fail") -> 1 | F5: =COUNTIF(Products!I2:I200,"Blocked") -> 0 | G5: =COUNTIF(Products!I2:I200,"N/A") -> 0 | H5: =IFERROR((B5-C5)/B5,0) -> 0.6
A6: Checkout | B6: =COUNTA(Checkout!A2:A200) -> 6 | C6: =COUNTIF(Checkout!I2:I200,"Not run") -> 5 | D6: =COUNTIF(Checkout!I2:I200,"Pass") -> 1 | E6: =COUNTIF(Checkout!I2:I200,"Fail") -> 0 | F6: =COUNTIF(Checkout!I2:I200,"Blocked") -> 0 | G6: =COUNTIF(Checkout!I2:I200,"N/A") -> 0 | H6: =IFERROR((B6-C6)/B6,0) -> 0.16666667
A7: API | B7: =COUNTA(API!A2:A200) -> 10 | C7: =COUNTIF(API!I2:I200,"Not run") -> 0 | D7: =COUNTIF(API!I2:I200,"Pass") -> 9 | E7: =COUNTIF(API!I2:I200,"Fail") -> 1 | F7: =COUNTIF(API!I2:I200,"Blocked") -> 0 | G7: =COUNTIF(API!I2:I200,"N/A") -> 0 | H7: =IFERROR((B7-C7)/B7,0) -> 1
A8: Accessibility | B8: =COUNTA(Accessibility!A2:A200) -> 7 | C8: =COUNTIF(Accessibility!I2:I200,"Not run") -> 2 | D8: =COUNTIF(Accessibility!I2:I200,"Pass") -> 4 | E8: =COUNTIF(Accessibility!I2:I200,"Fail") -> 1 | F8: =COUNTIF(Accessibility!I2:I200,"Blocked") -> 0 | G8: =COUNTIF(Accessibility!I2:I200,"N/A") -> 0 | H8: =IFERROR((B8-C8)/B8,0) -> 0.71428571
A9: Mobile | B9: =COUNTA(Mobile!A2:A200) -> 3 | C9: =COUNTIF(Mobile!I2:I200,"Not run") -> 0 | D9: =COUNTIF(Mobile!I2:I200,"Pass") -> 3 | E9: =COUNTIF(Mobile!I2:I200,"Fail") -> 0 | F9: =COUNTIF(Mobile!I2:I200,"Blocked") -> 0 | G9: =COUNTIF(Mobile!I2:I200,"N/A") -> 0 | H9: =IFERROR((B9-C9)/B9,0) -> 1
A10: Total | B10: =SUM(B4:B9) -> 38 | C10: =SUM(C4:C9) -> 12 | D10: =SUM(D4:D9) -> 23 | E10: =SUM(E4:E9) -> 3 | F10: =SUM(F4:F9) -> 0 | G10: =SUM(G4:G9) -> 0 | H10: =IFERROR((B10-C10)/B10,0) -> 0.68421053
A12: % Run = cases outside Not run (N/A and Blocked count as run).

Sheet Login
A1: ID | B1: Title | C1: Role | D1: Technique | E1: Priority | F1: Preconditions | G1: Steps | H1: Expected Result | I1: Status | J1: Actual Result | K1: Notes
A2: TC-LOGIN-001 | B2: Login with valid credentials | C2: standard_user | D2: Equivalence partitioning | E2: High | F2: Login page open, no session started. | G2: 1. Fill in Username and Password with the role's account. 2. Click Login. | H2: The "Products" page opens (/inventory.html). | I2: Pass | J2: Opens /inventory.html with the title "Products".
A3: TC-LOGIN-002 | B3: Login of a locked out user | C3: locked_out_user | D3: Role matrix | E3: High | F3: Login page open, no session started. | G3: 1. Fill in Username and Password with the role's account. 2. Click Login. | H3: Shows the error "Epic sadface: Sorry, this user has been locked out." and stays on the login page. | I3: Pass | J3: Shows "Epic sadface: Sorry, this user has been locked out."; stays on /.
A4: TC-LOGIN-003 | B4: Login without username | C4: — | D4: Equivalence partitioning | E4: Medium | F4: Login page open, no session started. | G4: 1. Leave Username empty and fill in Password. 2. Click Login. | H4: Shows the error "Epic sadface: Username is required". | I4: Pass | J4: Shows "Epic sadface: Username is required"; stays on /.
A5: TC-LOGIN-004 | B5: Login without password | C5: standard_user | D5: Equivalence partitioning | E5: Medium | F5: Login page open, no session started. | G5: 1. Fill in Username with the role's account and leave Password empty. 2. Click Login. | H5: Shows the error "Epic sadface: Password is required". | I5: Not run
A6: TC-LOGIN-005 | B6: Login with a wrong password | C6: standard_user | D6: Equivalence partitioning | E6: Medium | F6: Login page open, no session started. | G6: 1. Fill in Username with the role's account and Password with a wrong value. 2. Click Login. | H6: Shows the error "Epic sadface: Username and password do not match any user in this service". | I6: Not run
A7: TC-LOGIN-006 | B7: Direct access to the inventory without a session | C7: — | D7: Error guessing | E7: High | F7: No session started. | G7: 1. Open /inventory.html directly. | H7: Shows the login form with the error "Epic sadface: You can only access '/inventory.html' when you are logged in." (the URL may stay /inventory.html — user decision, 24.09.2026). | I7: Pass | J7: Without a session, /inventory.html shows the login form with "Epic sadface: You can only access '/inventory.html' when you are logged in."; the URL stays /inventory.html (accepted by the revised expected result). Observation of the run of 24.09.2026 (UI batch 01), reclassified after the answer to the Question.
A8: TC-LOGIN-007 | B8: Logout | C8: standard_user | D8: State transition | E8: Medium | F8: Session started with the given role; Products page open; cart empty. | G8: 1. Open the side menu. 2. Click Logout. 3. Use the browser's Back. | H8: Goes back to the login page; Back does not reopen the inventory without a new session. | I8: Not run

Sheet Products
A1: ID | B1: Title | C1: Role | D1: Technique | E1: Priority | F1: Preconditions | G1: Steps | H1: Expected Result | I1: Status | J1: Actual Result | K1: Notes
A2: TC-PROD-001 | B2: Product list | C2: standard_user | D2: Equivalence partitioning | E2: High | F2: Session started with the given role; Products page open; cart empty. | G2: 1. Look at the product list. | H2: 6 products are shown, each with name, description, price, image and an "Add to cart" button. | I2: Pass | J2: 6 products, all with name, description, price, image and an "Add to cart" button.
A3: TC-PROD-002 | B3: Sort by price (low to high) | C3: standard_user | D3: Equivalence partitioning | E3: Medium | F3: Session started with the given role; Products page open; cart empty. | G3: 1. Choose "Price (low to high)" in the sort selector. | H3: The products are in ascending order of price. | I3: Pass | J3: Prices in ascending order: 7.99, 9.99, 15.99, 15.99, 29.99, 49.99.
A4: TC-PROD-003 | B4: Sort by name (Z to A) | C4: standard_user | D4: Equivalence partitioning | E4: Low | F4: Session started with the given role; Products page open; cart empty. | G4: 1. Choose "Name (Z to A)" in the sort selector. | H4: The products are in descending alphabetical order of name. | I4: Not run
A5: TC-PROD-004 | B5: Product detail | C5: standard_user | D5: Equivalence partitioning | E5: Medium | F5: Session started with the given role; Products page open; cart empty. | G5: 1. Note the name and price of the first product. 2. Click the product's name. 3. Click "Back to products". | H5: The detail shows the same name and price as the list; "Back to products" goes back to the list. | I5: Not run
A6: TC-PROD-005 | B6: Product images (problem_user) | C6: problem_user | D6: Role matrix | E6: Medium | F6: Session started with the given role; Products page open; cart empty. | G6: 1. Look at each product's image and compare it with standard_user's. | H6: Each product shows its own image, the same one shown to standard_user. | I6: Fail | J6: The 6 products show the same image (/assets/sl-404-….jpg); with standard_user each product has its own. | K6: [2026-09-24, batch_20260924_ui01] New defect: BUG-3.

Sheet Checkout
A1: ID | B1: Title | C1: Role | D1: Technique | E1: Priority | F1: Preconditions | G1: Steps | H1: Expected Result | I1: Status | J1: Actual Result | K1: Notes
A2: TC-CHK-001 | B2: Add to cart | C2: standard_user | D2: State transition | E2: High | F2: Session started with the given role; Products page open; cart empty. | G2: 1. Click "Add to cart" on the first product. | H2: The cart counter shows 1 and the product's button becomes "Remove". | I2: Pass | J2: Cart counter = 1; the button becomes "Remove" (product removed afterwards, to clean up).
A3: TC-CHK-002 | B3: Remove from the cart | C3: standard_user | D3: State transition | E3: Medium | F3: Session started with the given role; Products page open; cart empty. One product in the cart. | G3: 1. Open the cart. 2. Click "Remove" on the product. | H3: The cart becomes empty and the cart counter disappears. | I3: Not run
A4: TC-CHK-003 | B4: Checkout without First Name | C4: standard_user | D4: Equivalence partitioning | E4: Medium | F4: Session started with the given role; Products page open; cart empty. One product in the cart. | G4: 1. Open the cart and click Checkout. 2. Fill in Last Name and Postal Code, leave First Name empty. 3. Click Continue. | H4: Shows the error "Error: First Name is required". | I4: Not run
A5: TC-CHK-004 | B5: Checkout without Postal Code | C5: standard_user | D5: Equivalence partitioning | E5: Medium | F5: Session started with the given role; Products page open; cart empty. One product in the cart. | G5: 1. Open the cart and click Checkout. 2. Fill in First Name and Last Name, leave Postal Code empty. 3. Click Continue. | H5: Shows the error "Error: Postal Code is required". | I5: Not run
A6: TC-CHK-005 | B6: Total in the checkout overview | C6: standard_user | D6: Boundary values (calculation) | E6: High | F6: Session started with the given role; Products page open; cart empty. Two products in the cart. | G6: 1. Open the cart and click Checkout. 2. Fill in the three fields with fictional data. 3. Click Continue. | H6: Total = Item total + Tax, and Item total = sum of the prices of the products in the cart. | I6: Not run
A7: TC-CHK-006 | B7: Complete the purchase | C7: standard_user | D7: State transition | E7: High | F7: Session started with the given role; Products page open; cart empty. One product in the cart. | G7: 1. Do the checkout with fictional data up to the overview. 2. Click Finish. | H7: Shows "Thank you for your order!" and the cart becomes empty. | I7: Not run

Sheet API
A1: ID | B1: Title | C1: Role | D1: Technique | E1: Priority | F1: Preconditions | G1: Steps | H1: Expected Result | I1: Status | J1: Actual Result | K1: Notes
A2: TC-API-001 | B2: Health check | C2: — | D2: Equivalence partitioning | E2: High | F2: API reachable. | G2: 1. GET /ping. | H2: Answers 201 Created (HealthCheck in the documentation). | I2: Pass | J2: GET /ping -> 201 Created.
A3: TC-API-002 | B3: Create a token with valid credentials | C3: admin (API) | D3: Equivalence partitioning | E3: High | F3: Admin credentials in .env. | G3: 1. POST /auth with the admin username and password (JSON). | H3: Answers 200 with a non-empty "token" field (CreateToken). | I3: Pass | J3: POST /auth -> 200 with a token (15 characters; saved as a session secret, never shown).
A4: TC-API-003 | B4: Create a valid booking | C4: — | D4: Equivalence partitioning | E4: High | F4: API reachable. | G4: 1. POST /booking with firstname QA-AUTO-…, lastname, totalprice, depositpaid, bookingdates and additionalneeds. | H4: Answers 200 with a numeric bookingid and a booking equal to the one sent (CreateBooking). | I4: Pass | J4: POST /booking -> 200, bookingid 2501, booking equal to the one sent.
A5: TC-API-004 | B5: Read the booking created | C5: — | D5: State transition | E5: High | F5: Test booking created in TC-API-003 (firstname with the QA-AUTO- prefix). | G5: 1. GET /booking/{id}. | H5: Answers 200 with the same data sent at creation (GetBooking). | I5: Pass | J5: GET /booking/2501 -> 200, data equal to the data sent.
A6: TC-API-005 | B6: Filter bookings by firstname | C6: — | D6: Equivalence partitioning | E6: Medium | F6: Test booking created in TC-API-003 (firstname with the QA-AUTO- prefix). | G6: 1. GET /booking?firstname=<firstname of the booking created>. | H6: Answers 200 with a list that contains the bookingid created (GetBookingIds). | I6: Pass | J6: GET /booking?firstname=QA-AUTO-20260924-api01 -> 200, the list contains bookingid 2501.
A7: TC-API-006 | B7: Update without authentication | C7: — | D7: Role matrix | E7: High | F7: Test booking created in TC-API-003 (firstname with the QA-AUTO- prefix). | G7: 1. PUT /booking/{id} with new data, without Cookie nor Authorization. 2. GET /booking/{id}. | H7: The request is refused (4xx: the documentation requires a token or Basic on PUT) and the booking stays the same. | I7: Pass | J7: PUT without authentication -> 403 Forbidden; the next GET equal to the original.
A8: TC-API-007 | B8: Update with a token | C8: admin (API) | D8: State transition | E8: High | F8: Test booking created in TC-API-003 (firstname with the QA-AUTO- prefix). Admin token obtained with POST /auth (TC-API-002), saved as a session secret. | G8: 1. PUT /booking/{id} with new data and Cookie: token=<token>. 2. GET /booking/{id}. | H8: Answers 200 with the new data, and the next GET returns it (UpdateBooking). | I8: Pass | J8: PUT with a token -> 200 with the new data; the next GET returns it.
A9: TC-API-008 | B9: Partial update with a token | C9: admin (API) | D9: Equivalence partitioning | E9: Medium | F9: Test booking created in TC-API-003 (firstname with the QA-AUTO- prefix). Admin token obtained with POST /auth (TC-API-002), saved as a session secret. | G9: 1. PATCH /booking/{id} with only a new firstname and Cookie: token=<token>. 2. GET /booking/{id}. | H9: Answers 200; only the firstname changes, the other fields stay the same (PartialUpdateBooking). | I9: Pass | J9: PATCH firstname with a token -> 200; GET: only the firstname changed.
A10: TC-API-009 | B10: Create a booking without required fields | C10: — | D10: Equivalence partitioning | E10: Medium | F10: API reachable. | G10: 1. POST /booking with JSON with only lastname. | H10: Answers 4xx (client error), never 5xx. Source: the documentation is silent about errors; RFC 9110 §15.5–15.6 (invalid input = 4xx). | I10: Fail | J10: POST /booking with only lastname -> 500 Internal Server Error (expected 4xx). | K10: [2026-09-24, batch_20260924_api01] New defect: BUG-1.
A11: TC-API-010 | B11: Delete the booking with a token | C11: admin (API) | D11: State transition | E11: Medium | F11: Test booking created in TC-API-003 (firstname with the QA-AUTO- prefix). Admin token obtained with POST /auth (TC-API-002), saved as a session secret. | G11: 1. DELETE /booking/{id} with Cookie: token=<token>. | H11: Answers 201 Created (DeleteBooking in the documentation). | I11: Pass | J11: DELETE /booking/2501 with a token -> 201 Created; the next GET -> 404 (test booking deleted).

Sheet Accessibility
A1: ID | B1: Title | C1: Role | D1: Technique | E1: Priority | F1: Preconditions | G1: Steps | H1: Expected Result | I1: Status | J1: Actual Result | K1: Notes
A2: TC-A11Y-001 | B2: Login: automated WCAG 2.1 AA | C2: — | D2: Error guessing (axe-core) | E2: High | F2: Automated audit (python scripts/audit_a11y.py), page declared in accessibility.pages. | G2: 1. Audit the login page. | H2: No WCAG 2.1 A/AA violations detected by axe-core (best practices and incomplete results do not count). | I2: Pass | J2: axe-core (chrome 153.0.8010.53): 0 WCAG 2.1 A/AA violations; 28 rules passed. Best practices (observation): page-has-heading-one, region.
A3: TC-A11Y-002 | B3: Products: automated WCAG 2.1 AA | C3: standard_user | D3: Error guessing (axe-core) | E3: High | F3: Automated audit (python scripts/audit_a11y.py), page declared in accessibility.pages. With login. | G3: 1. Audit the products page. | H3: No WCAG 2.1 A/AA violations detected by axe-core (best practices and incomplete results do not count). | I3: Pass | J3: axe-core (chrome 153.0.8010.53): 0 WCAG 2.1 A/AA violations; 39 rules passed. Best practices (observation): page-has-heading-one. Incomplete, for manual review: color-contrast.
A4: TC-A11Y-003 | B4: Cart: automated WCAG 2.1 AA | C4: standard_user | D4: Error guessing (axe-core) | E4: Medium | F4: Automated audit (python scripts/audit_a11y.py), page declared in accessibility.pages. With login. | G4: 1. Audit the cart page. | H4: No WCAG 2.1 A/AA violations detected by axe-core (best practices and incomplete results do not count). | I4: Pass | J4: axe-core (chrome 153.0.8010.53): 0 WCAG 2.1 A/AA violations; 37 rules passed. Best practices (observation): page-has-heading-one.
A5: TC-A11Y-004 | B5: Checkout (information): automated WCAG 2.1 AA | C5: standard_user | D5: Error guessing (axe-core) | E5: Medium | F5: Automated audit (python scripts/audit_a11y.py), page declared in accessibility.pages. With login. | G5: 1. Audit the checkout-information page. | H5: No WCAG 2.1 A/AA violations detected by axe-core (best practices and incomplete results do not count). | I5: Pass | J5: axe-core (chrome 153.0.8010.53): 0 WCAG 2.1 A/AA violations; 41 rules passed. Best practices (observation): page-has-heading-one.
A6: TC-A11Y-005 | B6: Contrast of the elements axe did not decide | C6: standard_user | D6: Manual checklist (WCAG) | E6: Medium | F6: Incomplete color-contrast results of the Products audit. | G6: 1. Measure the contrast of each element listed by axe as incomplete (real text and background). | H6: Contrast of at least 4.5:1 (normal text) or 3:1 (large text) — criterion 1.4.3 AA. | I6: Not run
A7: TC-A11Y-006 | B7: Each page's title identifies its content | C7: standard_user | D7: Manual checklist (WCAG) | E7: Medium | F7: Pages login, products, cart and checkout-information. | G7: 1. Read the title of each page. | H7: Each page has a title that identifies its content or purpose, different between different pages — criterion 2.4.2 A (Understanding 2.4.2, technique G88). | I7: Fail | J7: The 4 pages audited have the same title: login = "Swag Labs"; products = "Swag Labs"; cart = "Swag Labs"; checkout-information = "Swag Labs". | K7: [2026-09-24, batch_20260924_a11y01] New defect: BUG-2.
A8: TC-A11Y-007 | B8: Login operable with the keyboard only | C8: standard_user | D8: Manual checklist (WCAG) | E8: High | F8: Login page open, no session started. | G8: 1. With Tab, reach Username, Password and Login. 2. Fill in and submit with Enter. | H8: The login is done with the keyboard only, with a visible focus on each field — criteria 2.1.1 A and 2.4.7 AA. | I8: Not run

Sheet Mobile
A1: ID | B1: Title | C1: Role | D1: Technique | E1: Priority | F1: Preconditions | G1: Steps | H1: Expected Result | I1: Status | J1: Actual Result | K1: Notes
A2: TC-MOB-001 | B2: Login with valid credentials (flow) | C2: standard_user | D2: Equivalence partitioning | E2: High | F2: Maestro flow in flows/ (python scripts/run_mobile.py); no session; credentials from .env as MAESTRO_<VAR>. | G2: 1. Run flows/TC-MOB-001_login.yaml. | H2: After the login the "Products" page appears. | I2: Pass | J2: Maestro Web (beta) in Chrome: flow examples\demo\flows\TC-MOB-001_login.yaml passed in 13 s; "Products" page visible after the login.
A3: TC-MOB-002 | B3: Login of a locked out user (flow) | C3: locked_out_user | D3: Role matrix | E3: High | F3: Maestro flow in flows/ (python scripts/run_mobile.py); no session; credentials from .env as MAESTRO_<VAR>. | G3: 1. Run flows/TC-MOB-002_locked.yaml. | H3: Shows "Epic sadface: Sorry, this user has been locked out." and does not log in. | I3: Pass | J3: Maestro Web (beta) in Chrome: flow examples\demo\flows\TC-MOB-002_locked.yaml passed in 10 s; message "Epic sadface: Sorry, this user has been locked out." visible.
A4: TC-MOB-003 | B4: Add to cart (flow) | C4: standard_user | D4: State transition | E4: Medium | F4: Maestro flow in flows/ (python scripts/run_mobile.py); no session; credentials from .env as MAESTRO_<VAR>. | G4: 1. Run flows/TC-MOB-003_cart.yaml. | H4: The product's button becomes "Remove" and the cart counter shows 1. | I4: Pass | J4: Maestro Web (beta) in Chrome: flow examples\demo\flows\TC-MOB-003_cart.yaml passed in 13 s; "Remove" button visible and cart counter at 1.

Sheet Defects
A1: ID | B1: Title | C1: Description | D1: Area | E1: Case | F1: Role | G1: Severity | H1: Priority | I1: Status | J1: Reported by | K1: Date
A2: BUG-1 | B2: POST /booking with required fields missing answers 500 | C2: Environment: restful-booker practice API (api-test). Role: none (no authentication). Steps: POST /booking with the JSON body {"lastname": "OnlyLastname"} (no firstname, totalprice, depositpaid, bookingdates). Expected: 4xx (client error). The documentation is silent about errors; RFC 9110 §15.5–15.6: invalid input = 4xx. Observed: 500 Internal Server Error, body "Internal Server Error" (555 ms, 24.09.2026 11:31). Redacted evidence: runs/evidence/TC-API-009.json. | D2: API | E2: TC-API-009 | F2: — | G2: Medium | H2: Medium | I2: Open | J2: Automated QA | K2: 2026-09-24
A3: BUG-2 | B3: [2.4.2 A] Every page has the same title ("Swag Labs") | C3: Environment: saucedemo.com (test). Role: standard_user. Steps: open login, Products, cart and Checkout: Your Information; read each page's title. Expected: each page with a title that identifies its content (WCAG 2.1, criterion 2.4.2, level A; Understanding 2.4.2, technique G88). Observed: the 4 pages have the title "Swag Labs"; a screen reader user cannot tell the pages apart by their title. Evidence: runs/a11y_20260924_01.json (title field of each page). | D3: Accessibility | E3: TC-A11Y-006 | F3: standard_user | G3: Low | H3: Low | I3: Open | J3: Automated QA | K3: 2026-09-24
A4: BUG-3 | B4: problem_user: every product shows the same image | C4: Environment: saucedemo.com (test), Chrome 153 through the Playwright library (not the Playwright MCP, which was not available in this session). Role: problem_user. Steps: log in with problem_user; look at each product's image in Products; repeat with standard_user. Expected: each product with its own image, the same one shown to standard_user. Observed: the 6 products show the same image (/assets/sl-404-….jpg); with standard_user the 6 images are different and match each product. | D4: Products | E4: TC-PROD-005 | F4: problem_user | G4: Medium | H4: Medium | I4: Open | J4: Automated QA | K4: 2026-09-24

Sheet Active Defects
A1: Active defects (regenerated by the adapter — do not edit by hand)
A2: 3 open (0 Critical, 0 High, 2 Medium, 1 Low) · 0 closed · updated on 24.09.2026
A3: ID | B3: Priority | C3: Severity | D3: Status | E3: Area | F3: Title | G3: Case | H3: Role
A4: BUG-1 | B4: Medium | C4: Medium | D4: Open | E4: API | F4: POST /booking with required fields missing answers 500 | G4: TC-API-009 | H4: —
A5: BUG-3 | B5: Medium | C5: Medium | D5: Open | E5: Products | F5: problem_user: every product shows the same image | G5: TC-PROD-005 | H5: problem_user
A6: BUG-2 | B6: Low | C6: Low | D6: Open | E6: Accessibility | F6: [2.4.2 A] Every page has the same title ("Swag Labs") | G6: TC-A11Y-006 | H6: standard_user

Sheet _qa_batches
A1: hash | B1: applied_at | C1: label | D1: items | E1: new_defects | F1: batch_id
A2: ca3857c8f161b8686465416a9dafb14fb1b8ea7eb4938815173f99682d64f8d4 | B2: 2026-09-24T11:31:00 | C2: [2026-09-24, batch_20260924_api01] | D2: 10 | E2: BUG-1 | F2: batch_20260924_api01
A3: 3efa072f6b5883d9aeb2eb2a6ea2e6d3d199d984e877ab714d3a8275e0c948d9 | B3: 2026-09-24T11:31:03 | C3: [2026-09-24, batch_20260924_a11y01] | D3: 5 | E3: BUG-2 | F3: batch_20260924_a11y01
A4: eaed862e86be2b4bf77bd310dfe266ff06181d716f9713235f30c1c8d11660ba | B4: 2026-09-24T12:13:46 | C4: [2026-09-24, batch_20260924_mob01] | D4: 3 | F4: batch_20260924_mob01
A5: 48496943e036a631c099e835f611c895a8cfd8e0bef4a7dd63146074788c6295 | B5: 2026-09-24T12:24:30 | C5: [2026-09-24, batch_20260924_ui01] | D5: 7 | E5: BUG-3 | F5: batch_20260924_ui01
A6: 49b6b7bdd202dbf84b6c196dee804f1ae9287999b76960cd2b332f8e90ab92c2 | B6: 2026-09-24T13:29:13 | C6: [2026-09-24, batch_20260924_ui02] | D6: 1 | F6: batch_20260924_ui02
