Workbook

Sheet Resumo
A1: Demo QA — saucedemo.com (site público de prática)
A3: Área | B3: Total | C3: Por testar | D3: Pass | E3: Fail | F3: Blocked | G3: N/A | H3: % Executado
A4: Login | B4: =COUNTA('Login'!A2:A200) | C4: =COUNTIF('Login'!I2:I200,"Por testar") | D4: =COUNTIF('Login'!I2:I200,"Pass") | E4: =COUNTIF('Login'!I2:I200,"Fail") | F4: =COUNTIF('Login'!I2:I200,"Blocked") | G4: =COUNTIF('Login'!I2:I200,"N/A") | H4: =IFERROR((B4-C4-G4)/(B4-G4),0)
A5: Produtos | B5: =COUNTA('Produtos'!A2:A200) | C5: =COUNTIF('Produtos'!I2:I200,"Por testar") | D5: =COUNTIF('Produtos'!I2:I200,"Pass") | E5: =COUNTIF('Produtos'!I2:I200,"Fail") | F5: =COUNTIF('Produtos'!I2:I200,"Blocked") | G5: =COUNTIF('Produtos'!I2:I200,"N/A") | H5: =IFERROR((B5-C5-G5)/(B5-G5),0)
A6: Checkout | B6: =COUNTA('Checkout'!A2:A200) | C6: =COUNTIF('Checkout'!I2:I200,"Por testar") | D6: =COUNTIF('Checkout'!I2:I200,"Pass") | E6: =COUNTIF('Checkout'!I2:I200,"Fail") | F6: =COUNTIF('Checkout'!I2:I200,"Blocked") | G6: =COUNTIF('Checkout'!I2:I200,"N/A") | H6: =IFERROR((B6-C6-G6)/(B6-G6),0)
A7: Total | B7: =SUM(B4:B6) | C7: =SUM(C4:C6) | D7: =SUM(D4:D6) | E7: =SUM(E4:E6) | F7: =SUM(F4:F6) | G7: =SUM(G4:G6) | H7: =IFERROR((B7-C7-G7)/(B7-G7),0)
A9: % Executado exclui os casos N/A.

Sheet Login
A1: ID | B1: Título | C1: Role | D1: Técnica | E1: Prioridade | F1: Pré-condições | G1: Passos | H1: Resultado Esperado | I1: Estado | J1: Resultado Obtido | K1: Observações
A2: CT-LOGIN-001 | B2: Login com credenciais válidas | C2: standard_user | D2: Partição de equivalência | E2: Alta | F2: Página de login aberta, sem sessão iniciada. | G2: 1. Preencher Username e Password com a conta da role. 2. Clicar em Login. | H2: Abre a página "Products" (/inventory.html). | I2: Por testar
A3: CT-LOGIN-002 | B3: Login de utilizador bloqueado | C3: locked_out_user | D3: Matriz de roles | E3: Alta | F3: Página de login aberta, sem sessão iniciada. | G3: 1. Preencher Username e Password com a conta da role. 2. Clicar em Login. | H3: Mostra o erro "Epic sadface: Sorry, this user has been locked out." e fica na página de login. | I3: Por testar
A4: CT-LOGIN-003 | B4: Login sem username | C4: — | D4: Partição de equivalência | E4: Média | F4: Página de login aberta, sem sessão iniciada. | G4: 1. Deixar Username vazio e preencher Password. 2. Clicar em Login. | H4: Mostra o erro "Epic sadface: Username is required". | I4: Por testar
A5: CT-LOGIN-004 | B5: Login sem password | C5: standard_user | D5: Partição de equivalência | E5: Média | F5: Página de login aberta, sem sessão iniciada. | G5: 1. Preencher Username com a conta da role e deixar Password vazio. 2. Clicar em Login. | H5: Mostra o erro "Epic sadface: Password is required". | I5: Por testar
A6: CT-LOGIN-005 | B6: Login com password errada | C6: standard_user | D6: Partição de equivalência | E6: Média | F6: Página de login aberta, sem sessão iniciada. | G6: 1. Preencher Username com a conta da role e Password com um valor errado. 2. Clicar em Login. | H6: Mostra o erro "Epic sadface: Username and password do not match any user in this service". | I6: Por testar
A7: CT-LOGIN-006 | B7: Acesso direto ao inventário sem sessão | C7: — | D7: Error guessing | E7: Alta | F7: Sem sessão iniciada. | G7: 1. Abrir diretamente /inventory.html. | H7: Volta à página de login com o erro "Epic sadface: You can only access '/inventory.html' when you are logged in.". | I7: Por testar
A8: CT-LOGIN-007 | B8: Logout | C8: standard_user | D8: Transição de estados | E8: Média | F8: Sessão iniciada com a role indicada; página Products aberta; carrinho vazio. | G8: 1. Abrir o menu lateral. 2. Clicar em Logout. 3. Usar o Back do browser. | H8: Volta à página de login; o Back não reabre o inventário sem nova sessão. | I8: Por testar

Sheet Produtos
A1: ID | B1: Título | C1: Role | D1: Técnica | E1: Prioridade | F1: Pré-condições | G1: Passos | H1: Resultado Esperado | I1: Estado | J1: Resultado Obtido | K1: Observações
A2: CT-PROD-001 | B2: Lista de produtos | C2: standard_user | D2: Partição de equivalência | E2: Alta | F2: Sessão iniciada com a role indicada; página Products aberta; carrinho vazio. | G2: 1. Observar a lista de produtos. | H2: São apresentados 6 produtos, cada um com nome, descrição, preço, imagem e botão "Add to cart". | I2: Por testar
A3: CT-PROD-002 | B3: Ordenar por preço (low to high) | C3: standard_user | D3: Partição de equivalência | E3: Média | F3: Sessão iniciada com a role indicada; página Products aberta; carrinho vazio. | G3: 1. Escolher "Price (low to high)" no seletor de ordenação. | H3: Os produtos ficam por ordem crescente de preço. | I3: Por testar
A4: CT-PROD-003 | B4: Ordenar por nome (Z to A) | C4: standard_user | D4: Partição de equivalência | E4: Baixa | F4: Sessão iniciada com a role indicada; página Products aberta; carrinho vazio. | G4: 1. Escolher "Name (Z to A)" no seletor de ordenação. | H4: Os produtos ficam por ordem alfabética decrescente de nome. | I4: Por testar
A5: CT-PROD-004 | B5: Detalhe do produto | C5: standard_user | D5: Partição de equivalência | E5: Média | F5: Sessão iniciada com a role indicada; página Products aberta; carrinho vazio. | G5: 1. Anotar o nome e o preço do primeiro produto. 2. Clicar no nome do produto. 3. Clicar em "Back to products". | H5: O detalhe mostra o mesmo nome e preço da lista; "Back to products" volta à lista. | I5: Por testar
A6: CT-PROD-005 | B6: Imagens dos produtos (problem_user) | C6: problem_user | D6: Matriz de roles | E6: Média | F6: Sessão iniciada com a role indicada; página Products aberta; carrinho vazio. | G6: 1. Observar a imagem de cada produto e comparar com a do standard_user. | H6: Cada produto mostra a sua própria imagem, igual à apresentada ao standard_user. | I6: Por testar

Sheet Checkout
A1: ID | B1: Título | C1: Role | D1: Técnica | E1: Prioridade | F1: Pré-condições | G1: Passos | H1: Resultado Esperado | I1: Estado | J1: Resultado Obtido | K1: Observações
A2: CT-CHK-001 | B2: Adicionar ao carrinho | C2: standard_user | D2: Transição de estados | E2: Alta | F2: Sessão iniciada com a role indicada; página Products aberta; carrinho vazio. | G2: 1. Clicar em "Add to cart" no primeiro produto. | H2: O contador do carrinho mostra 1 e o botão do produto passa a "Remove". | I2: Por testar
A3: CT-CHK-002 | B3: Remover do carrinho | C3: standard_user | D3: Transição de estados | E3: Média | F3: Sessão iniciada com a role indicada; página Products aberta; carrinho vazio. Um produto no carrinho. | G3: 1. Abrir o carrinho. 2. Clicar em "Remove" no produto. | H3: O carrinho fica vazio e o contador do carrinho desaparece. | I3: Por testar
A4: CT-CHK-003 | B4: Checkout sem First Name | C4: standard_user | D4: Partição de equivalência | E4: Média | F4: Sessão iniciada com a role indicada; página Products aberta; carrinho vazio. Um produto no carrinho. | G4: 1. Abrir o carrinho e clicar em Checkout. 2. Preencher Last Name e Postal Code, deixar First Name vazio. 3. Clicar em Continue. | H4: Mostra o erro "Error: First Name is required". | I4: Por testar
A5: CT-CHK-004 | B5: Checkout sem Postal Code | C5: standard_user | D5: Partição de equivalência | E5: Média | F5: Sessão iniciada com a role indicada; página Products aberta; carrinho vazio. Um produto no carrinho. | G5: 1. Abrir o carrinho e clicar em Checkout. 2. Preencher First Name e Last Name, deixar Postal Code vazio. 3. Clicar em Continue. | H5: Mostra o erro "Error: Postal Code is required". | I5: Por testar
A6: CT-CHK-005 | B6: Total no resumo do checkout | C6: standard_user | D6: Valores-limite (cálculo) | E6: Alta | F6: Sessão iniciada com a role indicada; página Products aberta; carrinho vazio. Dois produtos no carrinho. | G6: 1. Abrir o carrinho e clicar em Checkout. 2. Preencher os três campos com dados fictícios. 3. Clicar em Continue. | H6: Total = Item total + Tax, e Item total = soma dos preços dos produtos no carrinho. | I6: Por testar
A7: CT-CHK-006 | B7: Concluir a compra | C7: standard_user | D7: Transição de estados | E7: Alta | F7: Sessão iniciada com a role indicada; página Products aberta; carrinho vazio. Um produto no carrinho. | G7: 1. Fazer o checkout com dados fictícios até ao resumo. 2. Clicar em Finish. | H7: Mostra "Thank you for your order!" e o carrinho fica vazio. | I7: Por testar

Sheet Defeitos
A1: ID | B1: Título | C1: Descrição | D1: Área | E1: Caso | F1: Role | G1: Severidade | H1: Prioridade | I1: Estado | J1: Reportado por | K1: Data

Sheet Defeitos Ativos
A1: Defeitos ativos (regenerado pelo adaptador — não editar à mão)
A2: sem defeitos registados
A3: ID | B3: Prioridade | C3: Severidade | D3: Estado | E3: Área | F3: Título | G3: Caso | H3: Role
